{
  "macro_f1": 0.5485708326585834,
  "report": {
    "0": {
      "precision": 0.6846846846846847,
      "recall": 0.3252769385699899,
      "f1-score": 0.44103089264379586,
      "support": 3972.0
    },
    "1": {
      "precision": 0.5871583627566366,
      "recall": 0.7562742125652686,
      "f1-score": 0.6610718492343934,
      "support": 5937.0
    },
    "2": {
      "precision": 0.5065454545454545,
      "recall": 0.5865263157894737,
      "f1-score": 0.543609756097561,
      "support": 2375.0
    },
    "accuracy": 0.5840931292738522,
    "macro avg": {
      "precision": 0.5927961673289253,
      "recall": 0.556025822308244,
      "f1-score": 0.5485708326585834,
      "support": 12284.0
    },
    "weighted avg": {
      "precision": 0.6031074749103853,
      "recall": 0.5840931292738522,
      "f1-score": 0.5672119379043844,
      "support": 12284.0
    }
  }
}