{
  "macro_f1": 0.5853575839709098,
  "report": {
    "0": {
      "precision": 0.6008881487649181,
      "recall": 0.5450654582074521,
      "f1-score": 0.5716171617161716,
      "support": 3972.0
    },
    "1": {
      "precision": 0.6258683427059213,
      "recall": 0.6373589354893043,
      "f1-score": 0.6315613786197113,
      "support": 5937.0
    },
    "2": {
      "precision": 0.5256166982922201,
      "recall": 0.5831578947368421,
      "f1-score": 0.5528942115768463,
      "support": 2375.0
    },
    "accuracy": 0.5970367958319766,
    "macro avg": {
      "precision": 0.5841243965876866,
      "recall": 0.5885274294778662,
      "f1-score": 0.5853575839709098,
      "support": 12284.0
    },
    "weighted avg": {
      "precision": 0.5984083145541625,
      "recall": 0.5970367958319766,
      "f1-score": 0.5969689859733693,
      "support": 12284.0
    }
  }
}